Crakehill,Skip Bridge,Westwick,Arkengarthdale,East Cowton,Malham Tarn,Snaizeholme,Skelton
0,0,0.8,0,9.95,4.24,8.62,26.1
0,0,0.8,0,9.46,4.12,8.06,24.86
2.4,24.8,0.8,61.6,9.41,4.36,7.93,23.6
11.2,5.6,33.6,111.2,26.3,11.96,58.7,23.47
0,0,1.6,0.8,32.1,10.24,34.42,60.7
5.6,4,17.6,36,19.3,7.25,22.26,98.01
1.6,0,1.6,2.4,22,7.27,29.59,56.99
14.4,0.8,55.2,104.8,35.5,8.15,60.25,56.66
20.8,2.4,76,136.8,51,13.28,93.95,78.1
10.4,16,12,28,65.5,25.56,69.5,125.7
7.2,4,0.8,24,32,20.72,40.51,195.9
39.2,8.8,82.8,118,64.3,36.54,106.75,125.4
5.6,1.6,8,12.8,69.1,28.46,60.33,161.5
36,12,72,72,94.6,33.76,142.16,204
8.8,2.4,7.2,40,99,38.48,77.44,200.6
6.4,0.8,0,21.6,58.2,21.02,57.1,234.4
16.8,2.4,44,103.2,34.1,15.19,42.7,160.1
7.2,0,34.4,86.4,59.8,16.46,79.03,104.1
6.4,0,19.2,26.4,48,18.59,70.19,136.4
27.2,4,51.2,80.4,42.6,18.69,88.49,137.1
4.8,2.4,6.4,18.4,66.6,26.5,74.37,124.3
40.8,18.4,62.4,120.4,41.4,23.12,101.23,175.9
28,16.8,7.2,29.6,124,57.87,138.3,128.1
2.4,0,0,2.4,70,34.92,62.33,270.3
0.8,0,0,9.6,35.4,18.52,43.34,206.5
3.2,7.2,0.8,12,33.2,16.11,39.66,116.4
0.8,6.4,7.2,84.8,36.3,18.06,61.69,92.52
0.8,0,4.8,4,33.9,18.29,43.67,104.3
0,0,0,2.4,25.8,15.2,31.68,106
0,7.2,7.2,4,22.1,11.82,26.37,80.07
0,0,0.8,4.8,20.2,10.62,21.88,64.14
0,0,0.8,0,18.4,9.61,19.05,56.13
0,0,0,0,16.9,6.39,17.18,50.29
0,0,0.8,0,15.8,7.11,15.51,43.38
4.8,9.6,0,2.4,14.9,6.21,14.63,40.47
0.8,7.2,4.8,1.6,15.5,6.64,14.92,37.36
0,0,1.6,0,15.8,6.34,14.1,37.74
1.6,0,0,0,14.9,6.01,12.96,38.31
0.8,0,0,0,14.6,6.45,13.35,36.22
0,0,0,0.8,14.7,6.61,13.52,35.92
0,0,0,0,14.4,6.35,13.02,36.61
0,0,0,0,13.4,5.81,11.88,35.6
0,0,0,0,11.9,5.28,10.44,33.17
0,0,28.8,0,11.4,5.1,9.91,29.24
0,0,0.8,0,10.8,4.87,9.48,27.48
0,0,8,0,10.4,4.68,8.97,26.18
1.6,0,38.4,17.6,10.3,4.57,8.85,25.14
0,0,2.4,0,9.84,4.38,8.55,24.24
0,0,6.4,0.8,9.46,4.09,8.72,23.59
0,0,0,0,8.87,3.95,8.01,22.7
1.6,0,0.8,1.6,8.52,3.78,7.72,21.52
0,0,1.6,0,8.71,3.62,7.5,20.43
0,0,0,0,8.5,3.55,7.27,20.35
1.6,0.8,12,51.2,8.48,3.15,7.08,20.12
16.8,15.2,4.8,8,8.88,3.28,8.17,19.47
5.6,0.8,10.4,4,9.45,3.13,8.87,20.01
5.6,15.2,0.8,0,8.59,2.97,7.84,21.74
21.6,16,1.6,11.2,8.94,3.36,7.6,20.26
1.6,0,0.8,9.6,11.5,3.4,7.54,20.76
1.6,0,0.8,2.4,12.5,3.78,7.6,23.62
1.6,0,0,0.8,10.9,3.61,7.57,26.09
0,0,2.4,0.8,11.2,3.7,9.98,24.17
0,0,0,0,21.8,4.01,18.98,23.07
0,0,0,0,15.6,3.3,13.16,41.84
0,0,0,0,11.8,3.05,10.38,36.05
0,0,0,0,10.5,2.91,9.19,28.01
0,0,3.2,4,9.58,2.79,8.29,24.2
0,0.8,5.6,1.6,8.99,2.87,7.83,22
1.6,0,8,15.2,9.03,2.81,7.78,20.62
0.8,0,23.2,6.4,8.95,2.75,7.74,20.02
0,0,61.6,0,9.01,2.64,8.1,20.56
0,0,0.8,4.8,9.18,2.56,9.85,17.97
5.6,0,6.4,8.8,9.29,2.52,12.64,20.06
0,0,10.4,0,10.7,2.4,11.6,22.36
0,0,0,4.8,8.23,2.44,8.61,25.27
6.4,0,0,29.6,7.75,2.48,8.52,20.08
1.6,0,1.6,5.6,9.71,2.47,10.64,18.08
11.2,0.8,10.4,13.6,7.87,2.39,8.41,21.39
0,0,1.6,4.8,8.08,2.33,8.75,18.6
0,0,0,0,7.87,2.26,8.37,17.51
0,0,0.8,0,7.23,2.23,7.54,17.68
0,0,0,0,6.75,2.24,6.86,16.52
0,0,0.8,4.8,6.51,2.25,6.53,15.18
2.4,0,8,16.8,6.37,2.23,6.35,14.32
12,10,1.6,24.8,6.48,2.34,6.32,13.93
5.6,7.2,13.6,15.2,7.31,2.46,8,13.99
0.8,10.4,2.4,4,7.59,2.75,8.06,15.32
0,1.6,13.6,22.8,7.29,2.58,7.27,17.46
16,38.4,47.2,5.6,7.11,2.53,6.8,16.61
0,1.6,4,48,9.05,4.1,9.41,15.23
92,40,76.8,26.4,17.9,6.96,45.86,20.33
24.8,0,21.6,6.4,58.6,7.27,64.78,44.18
17.6,7.2,51.2,0,14.1,3.55,16.6,120
55.2,23.2,91.2,0.8,45.3,22.97,70.04,37.99
0.8,0.8,0.8,0,63.5,19.28,46.38,92.73
16,8,3.2,4,25.5,8.39,25.63,148.5
37.2,6.4,15.2,7.2,22.6,13.6,25.38,77.64
0,0,0,21.6,33.1,11.99,23.8,62.7
0,0,0,27.2,19.6,7.38,17.47,72
0,0,0.8,12,15,5.76,13.98,52.73
0,4,55.2,22,13.4,5.11,11.86,38.61
0,0,7.2,41.6,12,4.63,11.11,32.41
32.8,8.8,143.2,1.6,11.9,4.82,28.25,29.05
4.8,4,12,18,25.6,5.87,36.55,34.01
5.6,1.6,12.8,103.6,18.6,5.12,19.74,66.89
2.4,0,4.8,26.4,16.4,4.82,18.46,52.91
0,0,4.8,7.2,14.3,4.35,14.61,40
8.8,20,33.6,19.2,12.7,4.06,14.35,37.47
5.6,0.8,0.8,8.8,15.6,4.39,17.31,30.47
13.6,60,83.2,36,43,25.14,60.59,36.89
18.4,0,7.2,6.4,55.3,18.88,37.16,90.87
1.6,0,0,0,17.3,7.95,16.25,134.9
1.6,0,0,0,14.3,6.38,12.92,48.21
0.8,0,0,4,12.4,5.29,10.97,37.13
0.8,0,0,4,11.2,4.7,12.67,31.33
0,4.8,8.8,28,10.2,4.47,9.64,29.42
0,0,0,0,9.43,3.82,9.12,25.83
0,0,0,0,8.8,3.55,8.71,22.82
0.8,0,0,0,8.32,3.34,7.87,21.51
0,0,0,0,8.04,3.26,7.38,19.93
0,0,0,0,7.74,3.11,7.01,19.06
0,0,0,0,7.38,2.98,6.74,18.14
0,0,0,0,7.17,2.94,6.37,17.15
2.4,11.2,20,47.2,7.89,6.36,8.69,16.21
0.8,12.8,0,1.6,8.66,4.98,11.13,21.44
0,0,0,0,8.4,3.79,8.8,24.91
0,27.2,76,115.2,7.95,3.44,10.28,21.98
9.6,145.6,149.6,178.8,120,40.57,188.75,19.51
3.2,0,61.6,41.6,155,39.21,72.28,189.6
0.8,26.4,90.4,132,73,18.78,68.59,277.1
1.6,13.6,32,57.6,107,32.62,102.65,171.9
0.8,0.8,1.6,1.6,81.2,23.83,64.31,211.8
0.8,0,0,0,37.8,11.14,34.21,182.9
49.6,34.4,48.8,42.4,25.5,9.08,29.53,103
0.8,0,4,2.4,42.1,13.04,44.01,67.18
0,0,0,0,27.5,9.24,26.43,92.33
0,0,0,0,19.6,6.63,19.75,74.03
0,0,0,0,16.2,5.41,15.91,51.53
0,0,0,0,14.1,4.67,13.7,41.04
7.2,4.8,14.4,32.8,13,4.26,12.55,34.74
2.4,0.8,10.4,2.4,12.5,4.11,12.16,31.28
2.4,0,24.8,16,12.2,3.85,12.32,29.67
5.6,1.6,28.8,11.2,11.5,3.79,11.92,29.22
48,5.6,46,118.4,11.4,4.05,16.53,27.6
15.2,0,58.4,137.6,57.2,9.61,110.01,28.03
5.6,4,23.2,16,32.1,14.62,48.41,123.9
3.2,0,4,8.8,17.4,8.27,28.53,119.9
0,1.6,0,0,14.5,5.88,21.31,60.87
0.8,0,0.8,0.8,12.5,4.76,15.94,44.06
0,0,0,0,10.8,4,12.73,35.14
0,0,0,0,9.62,3.51,10.71,28.75
0,0,0,0.8,8.72,3.16,9.44,24.44
0,0,0,0,8.17,2.99,8.63,21.47
4,0,25.6,4.8,7.85,2.95,8.03,19.92
0,4.8,22,18.4,7.7,3.04,7.8,18.9
19.2,18.4,14.4,30.4,8.28,3.1,8.48,18.55
0,0,0,0,8.4,3.36,9.49,19.22
0,0,0,0,8.02,3.16,8.93,20.78
24,32,25.6,24,8.85,4.27,9.18,20.21
7.2,4.8,34.4,10.4,9.11,3.81,9.54,21.15
0,0,0,0,8.26,3.19,8.29,22.53
4.8,6.4,26.4,16.8,7.55,2.96,7.87,20.07
17.6,2.4,19.2,48.8,7.54,3.39,11.42,18.18
6.4,0.8,11.2,18,10.9,3.39,15.85,18.48
0,0,0,0,8.62,2.85,12.47,28.35
0,0,0,0,7.33,2.65,9.31,24.66
0,2.4,0,0,6.66,2.54,7.69,19.59
0.8,5.6,0,0.8,6.62,3.01,7.69,16.59
0.8,0,0,0,6.38,2.72,6.8,16.35
4.8,19.2,5.6,11.2,6.24,2.48,6.36,15.8
0,0,28.8,8.8,6.4,2.58,5.96,14.38
0,0,0,0,5.9,2.41,5.49,14.31
0,0,0,0,5.6,2.33,5.18,13.53
0,0,0,0,5.3,2.27,4.89,12.83
0.8,0,0,2.4,5.18,2.23,4.7,12.16
0,0,0,3.2,5.01,2.2,4.78,11.7
0,0,20,3.2,5.14,2.18,5.13,11.16
0.8,0,71.2,10.4,4.89,2.17,4.58,11.6
2.4,0,18.4,18.4,4.79,2.18,4.5,11.34
0,0,0,0,4.64,2.13,4.41,10.95
0,0,0,0,4.57,2.09,4.47,10.5
0,0,0,0,4.23,2.06,4.31,10.2
28.8,0,47.2,89.6,4.1,2.13,4.21,9.87
0,0,22.4,11.2,4.57,2.43,9.09,9.66
4.8,0,19.2,17.6,5.33,2.18,6.9,13.04
4,0,19.2,21.6,4.5,2.07,5.43,14.6
0,0,0,2.4,4.27,2.01,4.84,11.95
12,5.6,20,0.8,4.11,2,4.64,10.7
22.4,24.8,13.6,0,4.39,2.22,4.71,10.27
22.4,3.2,24,0,5.07,3.13,5.29,10.58
12,18.4,34.4,0,6.81,3.27,12.09,12.28
0,0,7.2,0,9.18,2.46,11.17,17.62
3.2,2.4,18.4,0,6.39,2.22,8.35,23.8
37.6,16,90.4,0,7.54,13.26,43.2,17.75
28.8,14,16.8,0,12.2,5.73,21,46.31
0,0,0,0,9.01,5.3,23.61,46.49
0,0,9.6,0,6.88,3.27,11.16,37.24
20.8,0,26.4,3.2,5.57,2.87,18.21,24.29
1.6,0,0.8,0,13.3,2.93,23.27,18.73
4,1.6,46,0,7.93,2.66,12.3,39.61
9.6,0,2.4,0,6.6,2.76,14.7,25.53
4,1.6,28,0,6.69,2.79,13.13,22.36
0,0,0,10.4,6.53,2.71,15.09,22.1
2.4,0,10.4,0,5.96,2.57,9.86,23.89
0,0,12.8,0,5.12,2.39,7.79,19.53
12.8,0,36.8,0,4.8,2.28,6.65,15.53
0,0,4,0,4.44,2.32,6.17,13.52
3.2,0,18.4,0,4.46,2.66,5.76,12.49
11.2,0,34.4,12,4.29,2.41,8.18,12.45
4.8,22.4,24.8,13.6,9.76,3.01,17.89,12.56
146.4,165.6,112.8,132.8,54.8,26.52,86.66,25.11
7.2,4.8,2.4,1.6,55.1,13.69,34.23,108
0.8,1.6,19.2,12,15.7,4.95,17.91,127.8
3.2,0.8,14.4,4.8,12.1,3.93,16.39,48.75
26.4,47.2,53.6,45.6,15.4,4.06,18.68,31.65
0,0,0.8,1.6,16.2,3.77,15.09,33.63
45.6,26.4,62.4,72.4,17.2,6.02,33.51,41.23
8.8,17.6,14.4,32.8,27.5,5.69,28.49,40.14
0,0,0,0,16,3.9,18.25,67.91
0,0,0,0,11.1,3.33,11.97,44.83
28,34,48,25.6,12.4,5.42,15.61,30.32
0,8,0,0,12.1,4.13,12.26,31.47
0,0,0,0,9.26,3.33,9.11,33
0,0,0,0,7.98,3.05,7.76,24.38
0,0,22.4,4,7.04,2.88,6.89,20.33
0,0,5.6,0.8,6.35,2.81,6.33,17.9
1.6,0,8,3.2,5.86,2.73,5.95,15.83
20.8,0,0,4.8,5.51,3.06,5.61,14.52
4,0.8,0,4,5.48,2.76,5.5,13.99
0,0,0,0,5.32,2.6,5.27,13.78
0,0,0,0,5.2,2.52,5.09,13.29
0,0,0,0,5,2.49,4.95,12.84
0,0,0,0,4.82,2.44,4.78,12.39
0,0,0.8,0,4.65,2.42,4.68,12.07
0,0,8,5.6,4.53,2.35,4.62,11.58
0,0,0,0,4.38,2.34,4.43,11.32
0,0,0,0,4.28,2.3,4.31,10.88
0,0,0.8,4,4.26,2.29,4.22,10.58
0,0,0,0,4.12,2.26,4.2,10.48
4.8,0,0,4.8,4.12,2.26,4.08,10.34
0,0,0,0,4.04,2.24,4.04,10.25
0,0,0,0,3.98,2.23,3.99,10.04
0,0,0,0,3.96,2.24,3.94,9.96
3.2,0,0,0,3.94,2.22,3.75,9.95
116.4,26.4,95.6,132.8,4.84,4.54,12.75,10.01
10.8,11.6,3.2,19.2,33.8,7.84,32.7,11.97
18.4,5.6,40.8,118,20.8,6.69,39.42,58.26
8,0,24,12.4,19.7,4.54,27.11,55.08
5.6,0,7.2,11.2,12.2,3.33,15.4,61.8
225.2,55.6,208.8,196.8,75.6,39.17,158.42,34.91
103.2,74.4,30.4,22.4,180,70.72,153.23,129
80,36.8,15.2,16.8,167,80.24,129.35,317.4
12,15.2,0,0,105,51.68,54.93,337.2
0,0,0,0,50,27.4,34.09,258.9
0,0,0,0,28.1,17.74,24.37,152.9
0,0,0.8,1.6,19.3,13.53,19.05,93.07
12.8,10.4,58.4,42.4,16.9,10.17,18.33,62.26
0.8,0,5.6,21.6,16.5,8.91,17.58,49.15
0,0,8.8,0.8,13.8,5.53,15.17,47.41
0,0,0.8,0,12.2,4.92,13.53,38.26
0,0,3.2,0,11.1,4.47,11.67,32
0,0,0.8,0.8,9.94,4.21,10.31,31
0,0,0,0,9.19,3.87,9.28,29.11
0,0,0,0,8.61,3.67,8.48,25.99
0,0,0,0,8.23,3.61,7.9,23.38
3.2,0.8,32.8,3.2,8.02,4.68,7.66,21.42
23.2,10.4,15.2,21.6,8.05,4.07,7.85,20.33
12.8,8.8,37.6,17.6,10.8,6.48,12.78,20.44
69.6,38.4,30.4,25.6,35.6,18.36,56,26.3
0,0,0,0,44.4,16.3,31.95,82.21
6.4,0.8,16,4,23,14.14,25.03,104.4
46.4,52.8,28.8,20.8,25.7,16.14,34.01,68.06
12.8,18.8,12.8,12,71.4,25.92,56.15,69.72
23.6,28.4,20.8,31.2,95.4,35.33,82.07,133.4
1.6,0,0.8,0.8,68.1,19.79,43.91,185
0,13.6,0,1.6,37.7,13.4,30.39,150.4
0.8,0,0.8,2.4,30.2,11.54,24.32,90.31
1.6,2.4,4,0,22.4,10.14,19.71,71.14
66.4,20.8,20.8,20,33.9,18.11,27.47,59.05
4.8,4.8,0,0,52,16.21,31.81,68.72
0,5.6,0.8,0.8,31.4,12.01,22.31,98.35
0,0,0,0.8,22.3,8.79,17.59,74.58
0,0,0,0,18.1,5.77,14.76,55.06
0,0,0,0.8,15.5,5.3,12.93,42.92
0,0,0.8,0,13.9,4.84,11.76,36.39
0,0,0.8,0.8,13,4.65,11.05,32.49
4,12,11.2,12.8,12.8,4.67,10.59,30.28
0,7.2,0.8,0.8,13.2,4.37,10.33,29.3
0,0.8,0,0,12.6,4.09,10.06,28.16
0,0,0,0,11.7,3.95,9.49,27.79
0.8,1.6,0.8,0,11,3.8,9.07,26.08
0,0,0,0,10.5,3.71,8.63,24.67
0,0,0,0,9.99,3.61,8.13,23.32
0,0,0,0,9.46,3.55,7.77,22.19
0,0,0,0,9.09,3.49,7.55,21.05
0,0,0,0,8.76,3.42,7.37,20.32
0.8,0,0,0,8.53,3.34,7.16,19.71
0,0,0,0,8.43,3.26,7.08,19.23
0,0,0.8,3.2,8.35,3.31,6.97,18.76
0,0,0,0,8.12,3.33,6.86,18.53
2.4,2.4,5.6,4,8.15,3.28,6.8,18.36
0,0,3.2,2.4,8.02,3.24,6.69,18
0,0,0,0,8,3.2,6.69,17.7
0,0,0.8,0.8,7.68,3.17,6.57,17.8
0.8,0,1.6,0,7.58,3.17,6.55,17.5
0,0,0,0.8,7.48,3.13,6.48,17.15
0,7.2,42.4,47.2,7.91,3.66,6.43,16.48
0,1.6,0.8,0,10.4,4.05,13.48,17.7
0,0,5.6,0,10.1,3.59,10.3,24.88
1.6,0,21.6,24.8,8.54,3.35,8.49,26.69
23.2,36,56,23.2,10.1,5.04,14.96,22.02
21.6,47.2,9.6,8,66.8,26.44,45.56,26.34
0,0,0,0,46.2,9.5,20.64,114.9
0,0,0,0,23.5,6.43,13.99,97.19
0,0,0,0,16.7,5.4,11.26,52.9
0,0,0,0,13.7,4.88,9.88,39.39
0,0,0.8,0,11.9,4.55,8.91,36
0,0,2.4,0,10.7,4.24,8.02,31.05
0,8,0.8,0,10.5,4.32,7.74,26
0,24.8,8.8,0,10.4,4.09,7.58,24.69
0,0,1.6,0,10.1,4.02,7.18,24.5
0,0,0,0,9.22,3.79,6.51,24.41
2.4,0,8.8,10,10.1,3.69,6.68,22.32
0,0,1.6,0,14.3,3.99,8.5,21.49
0,0,0,0,13.7,4.06,9.13,26.25
0,0,0,0,14.9,4.08,9.08,30.47
15.2,15.2,0,0,14.2,4.02,8.63,29.9
6.4,9.6,18.4,12.8,23,7.87,10.33,33.5
1.6,4,20.8,26.4,28.2,7.26,25,45.39
2.4,0,76,44,46,11.15,61.33,58.28
6.4,0,13.6,43.2,34.7,8.76,44.48,99.25
14.4,1.6,48,38.4,58.3,7.41,78.34,99.11
5.6,0,11.2,4,29.9,6.59,33.95,113.5
18.4,0,36.8,43.2,18.6,6.32,24.06,95.15
3.2,0,25.6,12.8,39.5,6.48,48,52.83
38.4,37.6,117.6,87.2,38.4,21.85,87.4,80.19
4,0,58.4,14.4,107,42.23,96.2,97.34
20,6.4,74.4,44.8,53.8,29.23,81.97,239
4.8,0,40.8,15.2,40.8,22.12,53.71,171.8
34.4,33.6,0,12.8,33,19.01,37.49,149.2
24.8,20,25.2,40.8,64.8,44.66,62.64,101
29.6,7.2,0,0,68,32.77,50.91,154.3
21.6,4.8,84.8,55.2,64.7,43.35,93.29,184.5
1.6,0,16.8,1.6,83.3,45.39,90.51,178.5
0,0,19.2,2.4,48,25.32,48.84,219.8
19.2,0,30.4,64.8,90.1,26.64,130.57,150.2
28.8,4,70.4,84,162,61.43,183.84,179.2
0,0,0,0,81.5,42.69,63.7,293.9
1.6,0,1.6,0,30.1,21.93,37.83,265.1
14.4,2.4,36,0,27.7,20.86,52.52,137.4
8.8,8,41.6,26.4,34.8,22.9,47.11,101.1
0.8,21.6,10.4,2.4,36.3,24.13,41.2,111.4
0,2.4,4,1.6,30.2,18.23,29.13,103.9
0,4,13.6,0,22.2,15.28,23.4,88.64
0,0,2.4,0,19.5,10.91,20.29,68.55
10.4,16.8,22.4,11.6,20.2,8.21,19.05,57.25
11.2,16,36.8,32,68.1,23.79,80.21,52.94
16.8,14.4,67.2,39.2,83.7,33.54,68.59,126.1
0,0,3.2,1.6,50.6,23.23,43.23,190.7
0.8,1.6,1.6,6.4,29.4,14.51,30.52,143.3
23.2,30.4,44,28.8,50.3,29.79,59.6,91.94
9.6,50.4,49.6,43.2,97.5,41.47,100.1,121.6
0,0,0.8,1.6,110,41.41,65.17,203.2
17.6,36.8,43.2,25.6,74.7,31.2,44.38,237.4
0,0,2.4,4.8,70.9,27.55,44.11,186.5
0,2.4,0,1.6,55.1,19.77,33.79,163.1
0,0.8,21.6,6.4,40.6,14.92,27.2,127.4
7.2,7.2,32,12.8,37.4,11.52,39.13,98.21
0,2.4,0.8,0,79.4,13.83,61.11,86.6
5.6,5.6,16.8,11.2,47.6,13.94,37.75,145.3
36,8.8,52,43.2,57.4,20.58,63.91,113.6
31.2,4.8,9.6,26.4,101,24.82,84.93,123
24.8,0,44,30.4,82.5,30.62,83.6,186.3
0.8,7.2,0.8,0,57.5,24.09,50.79,188.6
0,7.2,0,0,35.8,17.42,34.37,157.1
0,2.4,0,0.8,26.1,15.2,26.04,102.8
4,8,36,45.6,30.9,13.47,35.41,80.08
0,0,0,0.8,52.2,12.41,49.84,75.03
0,0,60,13.6,27.8,12.34,31.57,118.3
0,0,16,6.4,24.8,11.9,31.7,81.92
3.2,0,20,13.6,23.4,11.54,30.17,71.77
19.2,2.4,54.4,48.8,42.2,21.79,76.3,68.35
3.2,1.6,35.2,13.6,29.6,13.33,35.19,112.7
31.2,5.6,97.6,62.4,42.8,24.06,86.14,100.3
33.6,0.8,39.2,37.6,56.7,37.76,76.95,111.6
52,49.6,46.4,44,123,40.08,139.75,197.5
0,0,16.8,5.6,104,39.93,62.12,229.3
4.8,0,21.2,30.8,50.2,22.39,62.3,242.1
2.4,0,4,11.2,64.1,20.46,66.45,153
1.6,0,0.8,4,33.6,16.61,38.18,157.5
23.2,9.6,48.8,60,42.5,16.14,70.01,105.6
0,0,0,0.8,52.4,16.89,49.65,103.2
34.4,26.4,1.6,12.8,39.8,21.49,37.99,139.6
0,0,0,0,62.8,31.21,66.14,102.1
0.8,1.6,2.4,4.8,56.3,18.19,49.42,144.9
0,0.8,13.6,7.2,39,14.76,40.19,141.3
0,0,0.8,3.2,33.8,14.15,34.47,99.39
8,1.6,36.8,44.8,26,11.73,31.15,89.16
0,0,1.6,0,33.8,10.4,46.33,70.76
0,0,0.8,0,23.3,8.59,27.83,84.77
0,0,0,0,20,7.96,22.52,68.28
0,0,0,0,17.9,7.38,19.22,56.59
0,0,0,0,16.3,6.91,16.73,50.53
0,0,0,0,15,6.56,14.5,46.39
4,2.4,0,0,14.2,6.63,13.43,41.9
8,7.2,12,1.6,13.6,6.13,12.71,39.99
0,0,1.6,3.2,13.3,5.43,12.21,35.09
0,0,0,0,13.2,5.67,12.12,36.73
0,0,0,0,12.9,5.62,11.81,33.65
2.4,3.2,0,0,12.3,5.21,11.1,31.7
3.2,12,1.6,1.6,11.9,4.93,10.59,30.31
1.6,2.4,1.6,1.6,11.5,4.72,10.02,28.78
5.6,5.6,0,0,11.2,4.91,9.94,27.88
0.8,0,0,5.6,11.2,4.92,9.77,31.49
36.8,55.2,0,16,12.3,5.52,10.82,30.35
23.2,27.2,64.8,55.2,42.6,19.57,24.8,32.17
5.6,5.6,37.6,32.8,98,45.16,120.44,86.82
0.8,0.8,26.4,14.4,154,44.73,112.92,193.9
0,0,1.6,0,96.7,30.93,55.14,280.8
0,4,35.2,13.6,52.2,20.21,39.36,222.5
36,10.4,61.6,54.4,73.4,20.32,87.04,143.9
1.6,0,4.8,2.4,56.8,18.64,47.09,150.8
11.2,3.2,16,24,51.1,15.4,54.28,148.8
2.4,0,40.8,0,38.1,13.58,37.48,111.8
0.8,0,52,0,41,12.72,72.14,103.5
9.6,0,66.4,0,39.3,12.36,82.05,116.9
2.4,0,12,7.2,49.8,13.05,56.44,108.8
0,0,0,0,23.6,11.16,31.59,138.5
27.2,0,31.2,28.8,24,10.45,30.71,77.91
14.4,0,60,51.2,28.1,10.69,37.06,59.87
14.4,0,20,14.4,53.5,14.6,81.94,76.8
8.8,0,35.2,29.6,35.7,18.05,80.32,127.8
1.6,0,8,5.6,36.6,16.89,45.99,120.9
24.8,12.8,22.4,23.2,20.2,12.37,31.95,120.9
1.6,0,10.4,10.4,18,11.69,27.43,70.19
2.4,4,32,16.8,17.5,11,26.42,59.56
1.6,0,0.8,0,19.5,9.54,28.06,54.1
0.8,0,0,0.8,16.3,6.05,20.63,58.46
0,0,0,0,14.6,5.64,16.86,46.14
1.6,0,20,33.6,19.4,5.74,33.56,39.57
66.4,2.4,170.4,129.6,64.9,10.53,134.64,46.12
0.8,0,0,0.8,104,40.36,91.49,110
8.8,14.4,52,18.4,31.6,16.31,48.52,259.2
0,0,0,0,25.3,12.32,32.18,124
8.8,0.8,29.6,46.4,17.4,8.85,24.91,85.47
3.2,0,7.2,7.2,18,9.76,40.08,56.22
2.4,0,0,12.8,18,8.75,31.58,64.34
10.4,6.4,18.4,14.8,15.8,8.22,22.77,59.25
19.2,22.4,83.2,59.2,20,8.59,33.76,50.76
16,8.8,74.4,32,62.4,14.82,88.46,52.42
0.8,0,17.6,3.2,30.1,12.8,40.04,139.1
8.8,1.6,54.4,48.8,19.7,9.8,33.59,102.4
13.6,0.8,12.8,3.2,28.1,14.62,60.8,65.1
10.4,5.6,42.4,34.4,22.3,11.31,39.81,98.21
0,0,0,0.8,28.5,10.34,38.78,73.44
22.4,12.8,44.8,35.2,27,10.3,38.07,79.44
19.2,9.6,68.8,53.6,30.4,15.54,65.26,72.78
6.4,0,15.2,17.6,37.7,21.89,49.23,91.78
0,1.6,23.2,0,21.2,12.41,35.96,123.3
0,0,0.8,0.8,20.2,9.2,28.44,77.52
12.8,16,5.6,6.4,19,11.19,28.68,61.35
0,0,0,0,22.8,10.91,26.05,55.09
0,0,0,0,16.1,8.82,18.43,63.07
0.8,0,0.8,0,13.6,8.24,15.38,47.63
0.8,0,0,0,12.2,7.85,13.84,39.93
0,0,0.8,0.8,11.4,7.45,12.6,35.34
0,0,1.6,0,10.9,4.44,11.76,32.17
0,0,6.4,0.8,10.6,4.01,11.27,28.26
15.2,8,23.2,24,10.5,4.18,10.77,26.28
4,5.6,15.2,7.2,13.2,3.99,14.44,25.77
8.8,3.2,13.6,46.4,18,3.94,26.74,29.29
25.6,16.8,51.2,31.2,33.3,7,47.02,39.38
0,0,1.6,2.4,34.2,5.95,31.54,73.41
10.4,11.2,29.6,20,17.7,6.02,21.23,80.79
3.2,0,10.4,6.4,17.5,6.16,27.07,48.35
3.2,0,7.2,7.2,14.2,4.36,17.04,49.5
4,0,1.6,23.2,17.5,3.98,26.58,39.69
0,0,0,0,22.1,3.7,22.13,37.65
0,0,0,0,13.5,3.58,14.12,52.87
0,0,0,1.6,11.1,3.33,11.75,34.32
0.8,0,0,0,10.1,3.17,10.43,27.22
2.4,0,3.2,3.2,9.74,3.13,9.58,24.07
2.4,0,48,31.2,9.32,3.16,9.13,22.46
8,6.4,20.8,15.2,11.5,3.34,12.95,21.27
1.6,0,4,1.6,17.3,3.36,22.71,24.27
1.6,7.2,5.6,2.4,12.1,3.28,12.81,37.69
0,0,0,0,9.83,3.33,10.54,31.42
0,0,2.4,0,8.82,2.89,9.06,24.05
0,0,0,0,8.28,2.78,8.16,20.81
0,0,0,0,7.91,2.74,7.83,18.95
0,0,0,0,7.65,2.7,7.34,17.92
0,0,0,0,7.26,2.63,6.95,16.88
0,0,0,0,7.1,2.62,6.79,16.09
28,36,14.4,28,8.15,5.67,8.34,15.39
0,0,0.8,1.6,10.5,4.21,11.55,19.78
0,0,0,0,8.58,3.22,9.01,25.57
0,0,0,0,7.5,2.86,7.64,22.02
0,0,0,0,7.15,2.72,7.12,18.69
0,0,0,0,7.15,2.67,6.8,16.56
8.8,4.8,3.2,0,6.95,3.09,6.72,15.76
48.8,35.2,5.6,1.6,14.5,6.43,19.82,15.64
0,1.6,0.8,0,18.3,5.35,14,26.65
0,0,0,0,10.7,4.06,9.59,43.22
0,0,0,0,8.52,3.4,7.9,26.34
0,0,0,0,7.56,2.97,6.98,20.46
0,0,0,0,6.99,2.75,6.48,17.6
0,0,0,0,6.64,2.65,6.13,15.84
0,0,0,0,6.31,2.57,5.88,15.36
0,0,0,0,6.08,2.51,5.72,14.36
0,0,0,0,5.87,2.47,5.51,13.71
4.8,8,14.4,10.4,5.73,2.5,5.39,13.4
0.8,7.2,8.8,1.6,5.95,2.73,5.47,13.19
20,8.8,50.4,25.6,6.17,2.72,5.57,13.48
6.4,6.4,9.6,0.8,7.9,2.61,7.1,14.07
0.8,2.4,1.6,0.8,8.78,2.44,7.25,14.91
0,0,16.8,9.6,6.76,2.38,6.14,18.63
0,0,0,0,6.24,2.37,6.33,15.57
0,0,3.2,2.4,6.26,2.32,6.54,13.47
2.4,0,37.6,8,5.58,2.28,5.67,14.56
0,0,0,0,5.33,2.28,5.34,12.86
0,0,0,0,5.17,2.25,5.18,11.88
0,0,0,0,4.97,2.22,4.94,11.64
0,0,0,0,4.85,2.22,4.62,11.22
0,0,0,0,4.63,2.09,4.34,11.18
0,0,0,0,4.5,2.02,4.25,10.71
1.6,3.2,6.4,3.2,4.46,2.04,4.14,10.25
0,0,0.8,0,4.61,2.06,4.1,10.03
1.6,0,6.4,8,4.58,2.05,4.08,10.3
1.6,0,65.6,15.2,4.47,2.05,4.56,10.18
0,0,5.6,0,5.51,2.09,7.57,10.37
9.6,8,57.6,50.4,5.22,2.19,10.75,13.63
0,0,6.4,0.8,9.4,2.35,15.91,14.19
0,0,4.4,0,6.46,2.08,8,26.89
8.8,21.6,34.4,13.6,5.18,2,6.19,18.78
0,0,0,0,4.99,2.37,5.55,13.75
0,0,4,16,5.5,2.08,6.01,12.5
0,0,6.4,8.8,4.83,1.98,7.07,12.76
0,0,0,0,5.82,1.92,8.49,12.27
0,0,8,4.8,4.69,1.88,5.68,15.79
0,0,0,0.8,4.12,1.8,4.77,12.57
0,0,0.8,1.6,3.9,1.79,4.34,10.65
0,0,0,0,3.83,1.83,4.06,9.88
0,0,0,0,3.68,1.84,4.01,9.5
0.8,0,6.4,3.2,3.67,1.84,4.05,9.23
0,0,6.4,1.6,3.61,1.81,3.91,8.72
10.4,0.8,52.4,9.6,3.67,1.96,3.83,8.91
0,0,0,0,3.75,2.33,3.72,9.24
0,0,0,0,3.74,1.98,3.78,9.71
0,0,0.8,0,3.68,1.82,3.71,9.33
0,0,0,4.8,3.52,1.75,3.67,8.99
0,0,0.8,6.4,3.47,1.75,3.6,8.42
0,3.2,0,0.8,3.39,1.73,3.37,8.32
0,0,0,0,3.48,1.68,3.42,8.16
0,0.8,0,0.8,3.31,1.66,3.36,7.97
0,2.4,2.4,0.8,3.21,1.67,3.27,7.74
0,0,0,0,3.14,1.64,3.14,7.65
0,0,0,0,3.07,1.61,3.15,7.43
0,0,0,0,3.1,1.65,3.11,7.5
0,0,0,0,3.01,1.64,3.08,7.12
0,0,0,0,2.96,1.64,3.04,6.62
1.6,4.8,4,1.6,2.92,1.64,2.97,6.3
0,0,0,0.8,3,1.66,2.96,6.34
0,0,0,0,2.91,1.59,2.89,6.15
20,37.2,54.4,18.4,3.52,2.79,3.51,5.89
0,0,0,0,4.47,3.26,3.55,7.6
1.6,3.2,12.8,17.6,3.64,1.99,3.63,11.16
6.4,19.2,28,16,3.9,2.79,3.57,8.65
0,0,0,0,3.69,2.07,3.33,9.5
0,0,0,0,3.32,1.77,3.33,8.67
6.8,18.4,1.6,10.4,3.16,1.72,3.28,8.08
1.6,13.6,0,8,4.3,2.73,4.49,7.81
3.2,0.8,0,7.2,4.24,2.27,4.19,9.43
0,0,0,1.6,3.66,2.31,3.91,10.57
24.4,1.6,0,30.4,3.26,1.92,3.51,9.69
13.6,26.4,0,2.4,3.58,2.19,4.95,8.18
4,0,5.6,1.6,5.82,2.05,7.36,8.73
0,0,0,0,4.19,1.74,4.86,14.1
0,0,0,0,3.69,1.67,4.13,11.62
0,0,0.8,0.8,3.4,1.75,3.74,9.8
0,0,0,0,3.21,1.7,3.64,8.95
8.8,1.6,0.8,0,3.18,1.67,3.51,8.48
4.8,7.2,1.6,0,3.26,1.7,3.44,8.16
0,0,0,0,3.25,1.68,3.36,7.75
0,0,0,0,3.1,1.61,3.31,7.65
0,0,0,0,2.97,1.55,3.21,7.35
0,0,0,0,2.89,1.54,3.13,6.91
1.6,0,8,8.8,2.85,1.55,3.09,6.76
13.6,17.6,64,24,3.29,1.78,3.26,6.59
0,0,1.6,2.4,5.5,1.86,6.15,7.16
0,0,7.2,7.2,5.51,1.52,5.26,9.92
0,0,0,0,4.02,1.46,4.23,12.64
0,0,0,1.6,3.53,1.43,3.98,9.52
0,0,0.8,0,3.25,1.42,3.64,8.37
10.4,11.2,45.2,31.6,3.23,1.65,3.57,7.35
16.8,3.2,44,49.6,4.53,1.82,7.65,7.16
9.6,15.2,50.4,19.2,13.9,2.36,37.8,10.28
5.6,0.8,29.6,21.6,9.97,1.98,14.11,38.58
2.4,0,67.6,13.6,5.84,1.55,11.51,33.27
3.2,0,9.6,6.4,5.66,1.5,12.3,18.75
0,0,8.8,0.8,4.56,1.53,9.8,17.88
20,0,8.8,3.2,4.18,1.48,7.49,16.12
14.4,31.2,40.8,19.2,4.08,1.86,7.31,13.02
12.8,30.8,4.8,9.6,10.5,5.2,22.41,11.92
0,0,0.8,0,9.55,2.56,11.55,27.63
4.8,2.4,24.8,11.2,5.59,1.86,7.39,29.49
4,0.8,18.4,12,4.58,1.69,5.95,16.21
0,0,1.6,1.6,4.67,1.64,7.27,11.88
4.8,14.4,35.2,22.4,5.28,1.63,6.87,11.61
0.8,1.6,5.6,5.6,5.19,1.62,11.96,12.97
8.8,8,12,8.8,6.24,1.96,11.34,14.41
12,7.2,44,17.6,6.25,1.8,10.45,19.49
20,10.4,38.8,17.6,12.5,2.29,19.52,17.45
10.4,1.6,23.2,40,17.7,3.05,29.77,24.22
21.6,48,100.4,40,20.2,5.33,43.15,41.61
5.6,2.4,8,8,34,5.36,38.01,58.29
28.8,20.8,10.4,4,18.4,2.87,24.87,78.25
26.4,24.8,53.6,12,33.6,9.73,45.27,47.36
0,0.8,0.8,3.2,28.6,4.82,26.3,69.31
0,0,0,0,12.5,2.73,14.59,68.41
0,0,0,0,8.88,2.27,10.4,34.88
6.4,5.6,14.4,6.4,7.61,2.32,8.7,23.01
15.2,8.8,16,7.2,7.43,2.94,8.79,18.87
4.8,0,0,0,11,3.75,13.23,18.87
0,0,0.8,0,10.5,2.79,10.29,24.02
0,0,0.8,0,7.4,2.37,7.82,26.1
9.6,9.6,20,16,6.49,2.29,7.02,18.27
17.6,44.8,43.2,24,24.2,6.02,37.79,15.2
0,0,0.8,0,22.1,4.32,22.98,42.36
0,0,3.2,0.8,11.5,2.94,13.88,59.44
0,0,2.4,0.8,8.71,2.51,10.39,32.42
0,0,4,0.8,7.3,2.35,8.68,21.78
0,0.8,3.2,0,6.44,2.25,7.6,17.77
5.6,4.8,44,16.8,6.08,2.35,7.05,15.4
12.8,28,73.2,27.2,8.47,3.21,21.79,15.49
11.2,28,11.2,6.4,32.2,6.52,38.31,20.48
0,0,0.8,0.8,20.7,4.2,19.73,65.22
0,0,0,0,11.9,2.91,12.49,55.08
0,0,0,0,9.5,2.53,9.64,31.18
0,0,15.2,7.2,7.96,2.44,8.26,23.44
0,0,7.2,4,7.24,2.37,8.74,19.71
0,0,0.8,0,6.98,2.35,8.87,17.59
0,0,0.8,0,6.32,2.25,7.44,17.71
0,0,0.8,0.8,5.89,2.56,6.71,15.38
0,0,0,0.8,5.55,2.62,6.11,14.3
0,0,0.8,0,5.26,2.6,5.82,13.35
0,0,0,0,5.1,2.59,5.55,12.78
1.6,3.2,1.6,3.2,4.97,2.57,5.36,12.13
4,4.8,4,4,4.91,2.54,5.37,11.81
0,0,0,0,5.09,2.52,5.65,11.44
0,0,0,0,4.9,2.48,5.52,11.74
8.8,13.6,6.4,10.4,5.06,2.57,5.58,11.67
30.4,33.6,20,9.6,9.96,4.03,10.72,12.37
8.8,0.8,16.8,4,18.2,4.25,16.39,20.34
16,27.2,54.4,16.8,17.5,4.68,28.09,38.84
22.4,25.6,87.2,26.4,67.4,13.08,59.86,41.47
0,0,27.2,8,38.2,6.42,29.31,100.9
14.4,28.8,67.2,28.8,19.7,10.76,27.9,82.47
0,0,6.4,5.6,21,10.94,34.52,57.03
0.8,0,40,26.4,16,7.68,24.17,63.62
2.4,0,29.6,7.2,12.9,5.26,21.28,50.23
0,1.6,6.4,3.2,11.3,4.67,16.06,40.8
14.4,7.2,29.6,12.8,10.7,6.15,14.75,33.32
12.8,0,55.6,31.6,23.6,10.35,43.48,30.45
0.8,0,5.6,0.8,24.7,14.28,38.61,55.25
0,0,0,0,14.1,12.39,19.45,82.34
16,28,40.8,28,13.4,13.09,24.24,52.2
1.6,12.8,4,0.8,23.5,11.82,29.84,43.76
20,48.8,56.8,30.4,50.4,31.41,55.71,63.13
0,0,0,0,45,16.92,33.34,108.2
0,0,6.4,0,21.3,10.7,21.67,108.4
7.2,0.8,41.6,8,16.1,8.93,17.12,62.52
15.2,4,51.2,16,17.8,15.71,35.34,45.96
2.4,0,3.2,6.4,24.7,20.25,35.25,56.48
2.4,0,4,3.2,20.3,14.25,25.9,79.89
24.8,29.6,67.2,25.6,25.7,19.02,43.93,65.09
20.8,2.4,100.8,99.2,63.4,21.64,86.32,66.21
27.2,4,76.8,55.2,107,36.51,134.36,129.3
20,0.8,24.8,20,79.4,34.49,81.6,229.8
6.4,1.6,15.2,19.2,43.7,21.93,51.65,196.1
12.8,0,45.6,20.8,28.2,17.98,40.5,138.5
18.4,31.2,30.4,14.4,30.1,17.62,42.89,90.63
12.8,0.8,32.8,21.6,59.9,25.74,75.82,87.73
7.2,15.2,57.6,19.2,66.3,37.63,65.73,129.9
0,0,0,0,44.3,23.69,37.81,162.6
0,0,0.8,2.4,24.7,16.42,27.12,126
3.2,0,2.4,2.4,19.8,11.02,22.29,79.39
0,0,1.6,0.8,17.5,9.14,19.5,58.4
0,0,4.8,0,15.8,8.32,17,49.85
0,0,21.6,0.8,14.2,7.9,15.17,44.41
0,0,0.8,0,13.1,7.04,13.95,39.81
0,0,0,0,12,5.19,12.64,36.81
0,0,0.8,0,11.2,4.88,11.58,32.22
0,0,0,0,10.6,4.72,10.66,29.67
0,0,0.8,0,10.1,4.55,10.09,27.54
0,0,0.8,0,9.71,4.47,9.59,26.45
23.2,14.4,16,31.2,10.6,5.91,16.16,24.38
26.4,44.8,69.6,35.2,49,20.44,63.81,23.95
10.4,16.8,36.8,15.2,70.4,19.58,61.5,90.54
1.6,0,22.4,5.6,60.2,16.05,55.21,151.7
14.4,26,32,24,63.3,18.54,78.05,137.3
18.4,28,51.2,36,86,23.05,101.16,140.4
4.8,0,0,6.4,62.9,19.19,49.47,177.8
11.2,7.2,76.8,57.6,45.5,26.02,88.91,156.3
16.8,0,4.8,31.2,72.6,29.09,86.03,131.1
3.2,0,38.4,21.6,94,23.22,101.68,173.5
18.4,46.4,38.4,21.6,59.9,25.87,67.64,196.3
0,0,0,0,66.3,25.18,48.4,156.1
0.8,0,12,7.2,35.7,17.52,33.04,152.1
0,0,2.4,0.8,30.9,15.66,35.51,98.55
16.8,14.4,41.2,50.4,24.5,14.71,39.21,82.78
23.2,8,17.6,20.8,57.6,19.29,73.75,73.66
1.6,1.6,8,3.2,46.7,20.16,51.45,136
0,0,0,0,30.3,13.13,32.98,122
0,0,0,0,21.6,10.92,24.58,87.13
0,0,0.8,0,17.9,9.45,19.74,63.21
0,0,0,0,15.8,8.7,16.76,51.71
0,0,10.4,6.4,15.4,8.31,16.06,44.81
4.8,0.8,27.2,18.4,19,8.89,24.33,41.37
40,16.8,66.4,55.2,27,11.61,59.03,49.17
13.6,27.2,47.2,25.6,66.7,24.38,67.55,71.25
51.2,17.2,130.8,139.2,103,44.52,163.69,154.4
8,6.4,17.6,5.6,185,60.85,189.72,212.5
8,0,0,0,142,57.85,105.24,319.1
6.4,0,0,0,103,47.38,84.54,309.1
0.8,0,4,1.6,61.6,27.86,44.17,254.1
0,0,2.4,0,34.8,17.79,30.17,181.2
0,0,0,0,23.9,15.1,24.7,111
4,0.8,28.8,6.4,20.7,14.13,22.22,75.25
7.2,17.6,72,38.4,44.3,20.45,81.72,63.81
0,0,0,0,62.6,20.07,57.87,109.1
0,0,32,4,32.7,16.65,34.94,153.9
4.8,0,19.2,12,34.2,15.99,43.26,97.96
6.4,0,68,36.8,29,15.04,47.68,90.79
23.2,34.4,77.6,39.2,34,16.01,65.54,86.84
0,0,0,0,62.9,17.34,53.08,106
0,0,0,3.2,29.5,11.26,28.9,138.4
0,0,31.2,8.8,21.9,10.32,23.57,83.9
4,0,12,16.8,21.1,11.26,28,60.6
0,0,4,9.6,24.9,11.46,33.23,59.33
6.4,12,12,17.6,22.5,10.15,26.41,70.24
24.8,33.6,40,13.6,33,12.42,40.98,63.19
2.4,0,0.8,1.6,64.9,16.1,46.25,71.23
24,17.6,12,12.8,39.1,13.4,34.8,127.5
19.2,13.6,17.6,16.8,49,16.43,46.51,91.41
50.4,35.2,52.8,40.8,58.9,19.56,81.69,108.3
2.4,5.6,13.6,17.6,103,31.91,74.7,125.2
24.8,1.6,45.6,27.2,64.5,24.87,70.27,203.6
1.6,0,12,4.8,60,22.31,60.92,159.7
18.4,31.2,0,6.4,41.8,18.54,42.45,151.9
19.2,45.6,19.2,15.2,60.1,22.31,34.98,112
24.8,24,0,38.4,50.6,18.78,29.41,119.4
13.6,0,38.8,26.4,88.6,48.08,142.4,114.3
6.4,0,26.4,4,162,71.24,127.18,182.4
0,0,0,0,97.8,51.51,62.92,319.6
121.6,36.8,252,268.8,139,66.9,301.6,261.9
3.2,0,3.2,5.6,220,74.03,374.06,272.8
0,0,0,0.8,171,54,78.92,448.1
6.4,0,8.8,17.6,103,38.67,66.93,362.3
0,0,0.8,0.8,75.5,29.6,48.79,266
0,0,2.4,2.4,46.3,21.12,38.24,220.7
0,0,4.8,0.8,36.5,16.89,34.73,160.6
4,9.6,27.2,10.4,29.8,15.55,31.03,107.3
2.4,2.4,1.6,8,31.1,16.81,35.05,85.22
0,0,0,0.8,26.4,11.96,27.86,89.57
12.8,22.4,0,8,31.2,15.08,29.43,76.91
18.4,0,36.8,34.4,136,41.91,110.53,79.76
7.2,15.2,55.2,16.8,91.3,32.94,95.98,265.2
12.8,5.6,18.4,25.6,71.3,25.78,67.66,222.3
43.2,16,30.4,16.8,79.4,22.55,80.03,182.6
12.8,7.2,43.2,28,103,33.32,97.25,168.2
8.8,0,64.8,19.2,78.7,44.95,76.54,203.7
24,0,80.8,57.6,50.5,27.79,61.68,210.3
8,0.8,22.4,12,83.5,29.26,102.52,156.8
24.8,0.8,36,32.8,56.5,24.65,68.9,191.2
5.6,0,20.8,16.8,67.9,22.38,69.52,154.7
87.2,37.6,117.6,93.6,96.9,40.16,167.89,159.1
13.6,1.6,17.6,8.8,163,55.18,114.74,190.7
0,0,4.8,3.2,80.9,33.25,63.25,308.4
0,0,1.6,0,45.3,19.53,45.05,226
0,0,0,0,32.3,14.77,34.86,139.2
2.4,0,50.4,8.8,26.9,11.59,34.7,93.19
2.4,0,16.8,14.4,38.9,16.88,45.94,74.32
0,0,19.2,1.6,26.5,14.87,34.54,121.7
14.4,5.6,4,8,22.2,12.71,28.87,85.82
16,1.6,18.8,21.6,25.8,18.21,48.11,70.17
0.8,0,8.8,0.8,33.8,15.48,42.81,80.91
6.4,6.4,13.6,6.4,24.2,12.36,32.93,99.76
4.8,4,23.2,17.6,22,12.14,28.63,74.98
1.6,0,9.6,4,20.9,11.63,26.76,65.88
0,0,0,0,24.9,10.34,47.88,61.27
7.2,14.4,42.4,16.8,52,8.59,76.35,71.17
0,0,0,0,42.4,10.98,43.54,116.1
0,0,0,0,24.7,9.07,31.56,111.3
4,7.2,11.2,1.6,23.8,7.74,30.72,71.55
0.8,0,8.8,7.2,21.6,7.84,25.61,62.09
11.2,0,26.4,14.4,17.8,7.57,21.17,58.38
31.2,24.8,38.4,28.8,29.2,9.94,39,49.53
15.2,0,11.2,6.4,35.8,14.66,46.1,61.78
0,0,12,0,32.4,10.11,33.85,93.22
0,0,0,0,21.4,7.47,24.75,80.6
0,0,0,0,17.4,6.09,19.97,57.9
0,0,0,0,15.9,5.62,17.45,46.13
0,0,0.8,0.8,18.3,4.93,17.96,40.86
13.6,0,42.4,30.4,17.1,4.95,17.21,40.86
18.4,0.8,46.4,22.4,24.6,5.87,43.23,40.43
26.4,18.4,108,64,22.7,5.98,43.72,64.58
1.6,4,2.4,2.4,41.9,8.93,56.01,62.84
16,23.2,29.6,8,21.6,7.21,27.07,102.4
0,0,0.8,0,19.4,6.45,20.71,64.95
11.2,15.2,12,4.8,24.8,7.5,26.17,50.25
3.2,0,96,12.8,38,8.79,33.02,52.39
0,0,29.6,4.8,23.1,7.27,29.33,76.74
0,0,0,0,18.5,6.18,21.34,62.72
0,0,3.2,0.8,15.9,5.44,16.64,49.5
2.4,7.2,4.8,11.2,14.2,4.75,14.22,40.47
0,0,2.4,2.4,13.2,4.35,12.95,35.43
0,0,0.8,0,12.3,4.03,12.2,31.7
0,0,1.6,0,11.6,3.95,11.43,29.57
0,0,0,0,10.7,3.74,10.32,27.77
0.8,2.4,0.8,2.4,10.4,3.61,9.85,25.67
0,0,0.8,0,10.2,3.6,9.42,24.25
0,0,0,0,9.7,3.5,9.01,23.77
0,0,0,0,9.17,3.37,8.45,22.66
0,0,0,0,8.75,3.17,8.1,21.52
0,0,0,0,8.58,3.45,7.79,19.85
0,0,0,0.8,8.45,3.48,7.57,19.57
0,0,0,0,8.33,3.44,7.4,19.38
9.6,2.4,63.2,16.8,8.32,3.47,7.34,18.88
11.2,12.8,8,7.2,8.79,3.78,7.79,18.71
0,1.6,17.6,11.2,8.75,3.47,8.09,19.71
0,17.2,2.4,1.6,8.66,3.48,7.42,19.71
0,0.8,7.2,3.2,8.47,3.32,7.3,19.44
49.6,18.4,27.2,16,8.29,4.04,8.18,19.19
0,0,0,0,17.7,4.67,15.9,19.12
8.8,14.4,10.4,6.4,15.3,3.57,11.2,32.45
0,0,0,0,12.9,3.32,9.55,33.44
0,0,0,0,10.2,3.06,8.04,27.08
0,0,0,0,8.94,2.96,7.13,22.33
0,0,0,0,8.26,2.91,6.65,19.38
0,0,0,0,7.83,2.86,6.21,17.92
0,0,0,0,7.57,2.81,6.04,16.98
0,0,0,4,7.37,2.79,5.85,16.26
0,0,0,0,7.15,2.58,5.71,15.72
0,0,4,0,6.93,2.43,5.5,14.89
0,0,0,0,6.73,2.44,5.35,13.56
0,0,0,0,6.56,2.38,5,12.56
0,0,0,0,6.69,2.36,4.79,11.91
0,0,0,0,6.6,2.33,4.73,11.54
11.2,7.2,0,4.8,6.46,2.31,4.69,11.73
0.8,2.4,0,0,6.4,2.3,4.6,12.3
4,6.4,0,0,6.47,2.28,4.55,12.14
0,1.6,0,0,6.39,2.28,4.42,12.12
0,0,0,0,6.28,2.28,4.39,12.01
0,0,0.8,0,6.14,2.21,4.37,11.82
8,4,37.6,4,6.02,2.2,4.38,11.5
0,0,0,0.8,6.02,2.25,4.39,11.2
15.2,8.8,28,17.6,6.15,2.33,4.73,11.47
13.6,18.4,22.4,13.6,7.59,3.71,5.49,12.04
2.4,0,12,12.8,7.65,2.72,5.47,14.42
1.6,0,0.8,0,7.51,2.41,5.43,14.61
0,0,6.4,3.2,7.38,2.32,5.4,13.72
0,0,0,0,6.36,2.28,4.99,13.68
0,0,1.6,0.8,6,2.22,4.69,12.64
0,0,0,0,5.79,2.18,4.63,12.27
17.6,23.2,37.6,25.6,6.07,2.67,5.41,11.81
0.8,4.8,0,0.8,9.55,3.72,6.44,12.16
0.8,0,13.6,1.6,8.81,2.5,5.97,17.4
16,6.4,47.2,27.2,7.17,2.53,5.55,17.25
3.2,28.4,25.6,13.6,7.82,3.03,8.65,14.84
14.4,6.4,35.2,10.4,9.57,2.44,10,16.49
0,0,0,3.2,7.71,2.41,9.04,21.29
0,0,0,0,7.15,2.23,7.55,18.77
0,2.4,6.4,4,6.39,2.11,6.24,17.06
1.6,4.8,0.8,1.6,5.96,2.03,5.59,14.69
4.8,4,38.4,19.2,5.92,2.24,5.58,13.33
9.6,23.2,7.2,5.6,6.19,2.19,5.52,12.12
0,0,4,0,6.11,2.04,7.43,12.06
1.6,0.8,8,3.2,5.68,2,6.13,14.73
6.4,6.4,2.4,0,5.45,1.96,5.36,13.59
0.8,0,0,0,5.38,1.98,5.04,12.16
0,0,0,0,5.07,1.87,4.55,11.54
1.6,0.8,0.8,0,4.94,1.87,4.4,10.68
1.6,4.8,0,0,5.09,2.05,4.42,10.16
4,3.2,0,0.8,5.08,1.91,4.26,10.48
0,0.8,0,0,4.9,1.84,4.25,10.31
0,0,0.8,0,4.7,1.82,4.11,10.09
0,0,0,0,4.42,1.79,3.99,9.71
3.2,8,4.8,3.2,4.35,1.78,3.88,9.33
1.6,3.2,25.6,12,4.41,1.8,3.9,8.95
0,0,0,0,4.63,1.79,3.86,9.01
2.4,0,18.4,22.4,4.45,1.76,4.03,8.96
0.8,0,4.8,9.6,4.25,1.71,4.84,8.94
0,0,0,0,5.19,1.67,8.06,8.59
0,0,0,0,4.89,1.6,5.47,12.8
0,0,0,0,4.27,1.6,4.4,11.43
0,0,0,0,3.99,1.62,3.95,9.52
0,0,0,0,3.97,1.64,3.88,8.45
0,0,0,0,4.1,1.64,3.71,8.22
0,0,0,0,3.86,1.57,3.55,8.24
0,0,0,0,3.62,1.56,3.45,7.9
0,0,0,0,3.48,1.55,3.28,7.3
0,0,0,0,3.39,1.46,3.09,6.6
0,0,0,0,3.32,1.31,3.03,6.59
0,0,0,0,3.38,1.32,3.06,6.52
0,0,4.8,0,3.4,1.34,3.04,6.62
0,0,5.6,0,3.45,1.32,3.08,6.52
0,0.8,0,0,3.41,1.32,3.05,6.49
0,0,2.4,4.8,3.6,1.34,3.07,6.48
3.2,0,12,12,3.45,1.34,3.07,6.43
0,0,0,0,3.58,1.3,3.65,6.25
0,0,0,0,4.19,1.25,4.3,6.16
0,0,0,0,3.62,1.25,3.57,8.09
3.2,15.2,0,0,3.48,1.29,3.38,7.29
0,0,0,0,3.53,1.44,3.26,6.44
0,13.6,0,0,3.83,1.4,3.82,6.5
1.6,10.8,0,0,5.01,1.47,3.85,6.78
0.8,3.2,0,0.8,4.02,1.55,3.42,8.68
0,0,0,0.8,3.71,1.37,3.23,8.09
15.2,17.6,11.2,0.8,3.69,1.47,3.18,7.02
2.4,0.8,76,0.8,3.9,1.56,4.7,6.69
0,0,4.8,0.8,3.79,1.38,7.39,7.74
0.8,0,0.8,1.6,3.83,1.27,5.14,9.99
2.4,5.6,13.6,4.8,3.78,1.47,4.09,9.03
0,0,0,0,3.4,1.28,3.57,7.94
1.6,0,8,4,3.31,1.19,3.56,7.09
0,0,4,0,3.3,1.21,3.37,6.71
0,0,0,0,3.2,1.2,3.18,6.38
0.8,1.6,0,0,3.16,1.2,3.09,5.95
0,0,0,0,3.13,1.19,2.99,5.62
0,0,0,0,3.06,1.16,2.86,5.54
0,0,0,0,2.78,1.14,2.72,5.41
0,0,8.8,9.6,2.66,1.12,2.59,5.29
0,0,0,0.8,2.55,1.12,2.96,5.2
0,0,0,0,2.66,1.1,3.04,5.05
0,0,0,0,2.62,1.1,2.81,5.49
0,0,4,0,2.43,1.07,2.54,5.23
0,0,0,0,2.43,1.06,2.4,4.81
0,0,0,0,2.43,1.08,2.39,4.43
0,0,0,0,2.45,1.1,2.36,4.58
0,0,0,0,2.51,1.07,2.31,4.61
0,0,0,0,2.4,1.08,2.29,4.6
0,0,0,0,2.36,1.07,2.3,4.7
0,0,0,0,2.34,1.08,2.25,4.58
0,0,0,0,2.37,1.09,2.19,4.26
3.2,8.8,43.2,6.4,2.5,1.1,2.27,4.15
0,0,0,0,2.59,1.12,2.23,4.15
0,0,0,0,2.51,1.07,2.21,4.45
0,0,0,0,2.44,1.06,2.16,4.38
0,0,0.8,0,2.41,1.04,2.16,4.2
0,0,0,0,2.37,1.04,2.12,4.08
0,0,0,0,2.34,1.03,2.1,3.86
0,0,0,0,2.35,1.04,2.13,4.12
0,0,0,0,2.39,1.02,2.17,4.18
0,0,0,0,2.27,1.02,2.09,4.01
0,0,0,0,2.13,1,2.04,3.97
2.4,0,2.4,2.4,2.08,1.04,2.02,4.14
0.8,0,29.6,7.2,2.06,1,2,3.69
0.8,0.8,0,0.8,2.11,1.02,1.95,3.76
1.6,0.8,11.2,3.2,2.17,1.06,2.1,3.75
0,0,8,5.6,2.38,1.1,2.11,4.25
0,0,0,0,2.23,1.06,2.11,4.55
0.8,0,4.8,4,2.19,1.04,2.2,4.55
0,0,0,0,2.24,1.04,2.26,4.43
0,0,0,0,2.26,1.1,2.29,4.62
0.8,0,0.8,0,2.27,1.11,2.31,4.63
0,11.2,16.8,4,2.4,1.18,2.3,4.69
17.6,25.6,12.8,7.2,2.55,1.16,2.31,4.77
0,0,4.8,0,2.88,1.17,2.45,4.94
0.8,0,0,2.4,2.72,1.14,2.41,5.22
4.8,3.2,3.2,0.8,2.66,1.14,2.38,5.34
35.2,71.2,47.2,24.8,5.09,3.54,3.65,5.25
4.8,24.8,0.8,1.6,9.26,9.59,5.91,8.92
0,52.8,0,0,7.62,3.83,5.59,22.79
28,10,46.4,25.6,5.51,1.91,3.88,20.01
5.6,69.6,5.6,27.2,8.24,3.87,4.58,11.31
5.6,0,1.6,0.8,8.44,2.33,6.84,15.12
0,0,7.2,0,5.69,1.91,5.14,18.72
0,0,0,0,4.82,1.64,4.15,14.16
0,0,0,0,4.18,1.48,3.77,10.98
0,0,0,0,3.73,1.38,3.41,9.33
2.4,9.6,11.6,0,3.6,1.32,3.22,8.33
0,0,0,4,3.67,1.34,3.18,7.61
0.8,0,0,0,3.39,1.32,3.1,7.52
0,0,0,0,3.2,1.3,2.99,7.27
0,0,0,0,3.1,1.27,2.88,6.84
1.6,0,2.4,1.6,3.04,1.29,2.77,6.59
1.6,0,6.4,15.2,2.93,1.27,2.69,6.28
16.8,12,43.2,51.6,3,1.34,5.03,6.04
2.4,4,40.8,13.6,5.79,1.44,7.82,6.28
0,0,18.4,2.4,5.62,2.73,15.25,13.2
11.2,1.6,42.4,8.8,5.57,2.22,8.65,18.67
0,0,15.2,2.4,4.32,1.7,6.86,17.88
0,0,0.8,0,4.16,1.47,5.53,12.14
1.6,0,20,7.2,3.71,1.45,4.72,10.73
4,2.4,14.4,16,3.53,1.65,4.18,9.43
5.6,6.4,6.4,4,3.66,1.52,6.43,8.58
6.4,1.6,29.6,43.2,5.01,1.43,6.42,9.64
6.4,12,15.2,12.8,9.34,1.43,25.34,11.2
0.8,0,29.2,9.6,12.3,1.53,15.58,24.47
26.4,6.4,53.6,46.4,15.5,1.72,32.47,31.62
4,0,18.4,13.6,22.9,2.36,24.88,32.1
0.8,0,0,0,10.3,1.79,15.64,56.63
4,0,0,0.8,8,1.62,10.19,28.7
1.6,0,0,0,5.82,1.5,7.3,20.15
0,0,0.8,0,4.98,1.46,6.04,12.82
0,0,4,0.8,4.5,1.47,5.18,11.69
0,0,0,0,4.18,1.45,4.55,9.75
0,0,0,0,3.91,1.45,4.17,9.05
0,0,8.8,8,3.69,1.44,3.9,8.78
0,0,0,0.8,3.52,1.42,3.93,8.09
13.6,4,32,44,3.74,1.73,5.6,8.05
0.8,0,0,0,5.67,1.55,13.41,8.66
1.6,0,19.2,3.2,5.19,1.45,7.04,17.19
0.8,2.4,6.4,0.8,4.34,1.46,7.19,14.48
0,0,0,0,4.62,1.47,6.82,11.44
0,0,0,9.6,4.01,1.42,5.42,12.02
0,0,0,0.8,3.7,1.39,4.83,10.47
12,20,17.6,0,3.85,1.42,5.05,9.25
1.6,0,11.2,0,5.26,1.97,12.36,9.19
1.6,0,16.8,0,9.27,1.59,12.17,13.35
0.8,2.4,16.8,0,6.06,1.47,8.01,22.87
0,0,0.8,0,5.19,1.42,7.62,15.78
0,0,0.8,0,4.55,1.41,6.24,13.41
0,0,0.8,0,4.12,1.4,5.36,11.75
1.6,2.4,0,13.6,3.88,1.43,4.85,10.26
0,0,0,0,3.66,1.35,4.49,9.34
0,0,0,0,3.55,1.37,4.18,8.6
0,0,0,0,3.48,1.35,3.94,8.09
0,0,0,0,3.27,1.3,3.93,7.74
0,0,0,0,3.21,1.28,3.73,7.14
0,1.6,0,0,3.13,1.31,3.55,6.91
0,11.2,0,0.8,3.1,1.34,3.53,6.76
1.6,18.4,0,3.2,3.19,1.37,3.5,6.48
1.6,7.2,0,1.6,3.31,1.51,3.52,6.4
12.8,25.6,0,9.6,3.39,1.6,3.62,6.78
44.8,56,0,40,5.5,2.81,14.23,7.23
0,0,0,0,31.1,4.94,33.16,10.64
0,0,0,0,11.9,2.44,13.65,59.55
0,0,0,4.8,7.77,1.89,9.24,35.39
36.8,56,0,61.6,7.29,2.08,10.7,20
45.6,77.6,0,6.4,52.8,3.8,58.58,17.3
0.8,21.6,0,0,27.4,3,21.62,76.99
0,0,0,0,13.2,2.05,12.59,66.66
0,0,0,0,9.66,1.77,9.36,31.58
0.8,0,0,0,8.95,1.68,7.93,21.68
15.2,9.6,0,20.8,8.1,1.68,7.17,18.17
3.2,0,0,5.6,10.7,1.73,12.39,16.77
8,0,0,12.8,9.56,1.72,11.4,20.67
23.2,16.8,0,59.2,20.7,1.75,45.11,22.52
2.4,1.6,0,3.2,36,2.33,42.93,37.03
6.4,7.2,0,1.6,15.8,2.28,22,88.54
6.4,3.2,0,3.2,13.3,2.23,15.47,45.18
4.8,0,5.6,2.4,11.2,1.97,12.26,33.22
0.8,0.8,3.2,0.8,10.2,1.9,10.69,25.97
0,0,0,0,9.5,2.02,9.85,22.97
0.8,0,1.6,0,8.31,1.99,8.34,21.25
2.4,1.6,4,1.6,7.55,2,7.62,18.87
11.2,56,30.4,10.4,9.34,3.3,8.99,16.8
8,13.6,7.2,11.2,16.1,7.19,15.43,19.35
1.6,4.8,0,0,15,3.87,12.33,38.07
12.8,13.6,0.8,16,12.5,3.23,10.02,36.07
2.4,0.8,0.8,4,13.5,3.84,10,27.62
0,4.8,0.8,4,11.6,3.31,9.14,29.03
12,0,21.6,1.6,9.78,2.82,8.25,26.62
0,0,2.4,0,12.2,2.87,17.48,22.38
0.8,0,0,0,14.6,3.05,16.24,25.32
1.6,0,0.8,0,10.5,2.34,11.33,36.19
7.2,8,0.8,0,9.3,2.13,9.82,25.58
9.6,10.4,2.4,0.8,8.97,2.17,9.16,21.41
1.6,0,3.2,1.6,9.2,2.18,8.6,20
1.6,0.8,0,0,9.14,2.14,8.14,19.4
0,0,0,0,9.37,2.11,7.68,19.1
0,0,0,0.8,8.34,2.04,7.14,18.54
0.8,3.2,0,2.4,7.66,2.15,6.62,17.29
0,0,0,0,7.63,2.16,6.43,15.99
0,0.8,0,2.4,7.06,2.13,6.07,15.33
39.2,87.2,74.8,40.8,22.4,10.93,28.58,14.81
8.8,26.4,1.6,1.6,57.8,10.53,35.35,35.64
0,2.4,0,4,28.3,5.52,19.24,99.21
0,0,0,0,16.9,3.97,13.23,63.44
0,0,0.8,0,11.7,3.15,8.96,38.36
0,0,0.8,0,11.2,2.51,9.15,25.95
0,0,0,0,8.4,2.51,9.16,19.98
0,0,0,0,8.99,2.51,9.18,16.57
0,0,0,0,7.61,2.41,9.12,16.63
0,7.2,2.4,0,8.34,3.01,7.56,15.82
26.4,2.4,16.8,8,8.74,3.14,7.5,17.9
8,0,0,0.8,10.2,3.42,9.15,18.88
0.8,0,0,0,10.1,3.57,10.54,21.18
11.2,5.6,16,8,15.3,3.9,17.17,22.95
8,4.8,28,18.4,23.9,5.14,26.77,30.86
8,4.8,4.8,2.4,34.5,7.98,32.61,48.28
20,8.8,21.6,16.8,44,13.71,47.78,69.82
18.4,20.8,63.2,24,53.7,14.28,57.16,87.5
0.8,3.2,7.2,0.8,61,15.16,54.12,111.7
20,12,1.6,10.4,21.9,9.29,24.24,128.9
8,1.6,12,6.4,30.5,11.39,30.11,58.66
16.8,12,38.4,36.8,48.6,12.26,69.09,66.55
1.6,0,24,0.8,40.1,9.85,39.24,101.4
0,0,0,0,21.8,8.24,25.49,100.9
0.8,0,0,0,17.2,7.6,19.15,61.25
0,0,1.6,0,15.1,6.59,15.75,46.7
0,0,0,0,13.7,4.04,13.59,39.46
0.8,0,0,0,12.5,3.77,12.17,32.78
3.2,0,4.8,3.2,12.1,3.83,11.75,29.13
0,0,0,0,12.1,3.86,11.33,27.66
5.6,0,0.8,0,11.2,3.6,10.39,27.16
0,0,0,0,10.5,3.53,9.94,25.62
0,0,0,0,9.78,3.29,9.03,23.95
0,0,0,0,9.04,3.06,8.27,22.13
0,8,0,0,8.38,2.97,7.51,20.28
0,17.6,0,0,8.23,3.05,7.36,18.58
0,0,0,0,8.27,3.15,7.12,18.11
0,0,0,0,8.38,2.98,7.25,18.05
0,0,0,0,8.59,3.06,7.01,18.26
0.8,0,0,0.8,10,3.22,6.95,18.13
0,0,0,1.6,10.3,3.35,6.84,19.88
1.6,0,0,1.6,10,3.65,6.88,21.32
8,10.4,0,0,11.1,3.79,7,21.32
3.2,0.8,0.8,0.8,13.3,4.16,7.11,21.71
0,0,0,0,11.9,3.65,7,25.15
0,4.8,0,0,10.2,3.27,6.71,24.38
0,0.8,0,0,9.04,3.01,6.58,21.76
3.2,1.6,10.4,1.6,8.2,2.78,6.34,19.01
27.2,1.6,47.2,39.2,29.7,10.64,48.99,17.25
14.4,0,26.4,8,82.2,19.01,98.64,60.62
4,115.2,76.8,53.6,133,40.81,105.63,160.9
0,15.2,0,0.8,139,37.48,70.86,220.2
0,0,0,0.8,83.3,23.77,40.95,232.8
0,0,0,0,51.8,14.67,32.2,178.9
0,0.8,0,20.8,77.6,14.09,61.8,114.5
0,0,0,33.6,59.8,12.77,44.6,127.4
0,15.2,0,24,60.5,20.27,84.13,126.7
0,4.8,0,0,39.8,16.06,39.72,139.5
0,4,0,2.4,23.2,12.67,25.71,111.4
0,10.4,0,2.4,20.3,10.1,20.68,69.55
0,12,0,6.4,25.6,9.7,21.29,54.79
0,0.8,0,21.6,34,10.33,22.41,52.58
0,2.4,0,12.8,46.2,11.72,55.43,66
0,9.6,0,14.4,49.3,11.82,40.51,91.42
0,0,0.8,4,30.2,10.04,27.29,104.7
0,0,0,0,22.3,10.23,21.65,74.81
0,0,0.8,0,19.3,9.11,19.01,58.99
0,0,0,0,17.4,8.48,16.56,50.42
0,0,0,0,17.5,7.77,17.18,44.56
0,3.2,0,4.8,19.6,5.41,19.07,42.51
0,5.6,0,0,25.9,5.23,19.67,42.84
0,0,1.6,0,25.6,5.11,19.83,49.6
0,0,4,0,19.7,4.78,15.52,52.67
0,0,0.8,0.8,16.3,4.45,12.84,45.33
0,0.8,0.8,1.6,15.2,3.66,11.67,36.83
0,4.8,0,0,14.6,3.42,11.3,33.24
0,7.2,8,7.2,13.4,3.85,10.58,31.39
0,0,0,0,12.3,3.61,10.33,28.85
0,8,23.2,28.8,12.2,3.56,10.1,26.76
0,8.8,0,0,13.1,4.44,11.43,25.89
0,0,0,0,12.6,4.22,10.9,29.22
0,0,0,0.8,12,4.02,9.86,30.08
0,0,0.8,0,12.2,4.29,9.6,27.33
0,16,16,11.2,13.8,6.46,11.13,26.48
0,0,22.4,7.2,17.7,8.4,12.86,29.56
0,0,0,0,17.2,7.2,14.18,38.89
0,0.8,0,0,16.7,6.47,16.59,39.75
0,0,0,0,17.4,5.96,17.51,39.42
0,1.6,2.4,0.8,16,5.45,15.63,40.85
0,11.2,2.4,0.8,21.3,6.23,19.67,38.01
0,0.8,3.2,0,20.3,6.58,18.91,43.07
0,0,3.2,0,22.4,6.13,22.59,46.38
0,0,0,0.8,19.9,5.37,18.74,49.81
0,1.6,0,0.8,16.9,5.03,15.79,46.05
0,0,0,0,15.2,4.64,13.66,38.93
0,0,0,0,13.8,4.33,12.04,34.02
0,0,0,0,13,3.93,11.04,30.28
0,0,0,0,11.8,3.64,10.05,27.85
0,1.6,0,0,11,4.16,9.36,25.08
0,0,0,8.8,10.4,4.19,8.7,23.31
0,0,0,0.8,9.72,3.31,8.13,23.26
0,4,4,0,9.2,3.12,7.73,20.73
0,0,0,0,8.9,3.01,7.34,19.42
0,0,0,0,8.75,2.77,7.17,18.4
0,0,0,0,8.58,2.71,7.08,17.77
0,0,0,0,8.48,2.67,6.95,17.29
0,0,1.6,8,8.25,2.62,6.93,16.94
0,0,0,0,8.5,2.59,7.03,16.52
9.6,5.6,9.6,4,9.14,2.68,7.67,16.33
2.4,0,0,0,8.41,2.64,7.4,17.87
3.2,0,2.4,0.8,8.15,2.73,7.34,17.41
0,0,3.2,2.4,7.89,2.62,7.04,16.91
3.2,0,6.4,1.6,7.38,2.5,6.71,16.41
0,0,1.6,0.8,7.23,2.51,6.62,15.39
0.8,1.6,30.4,15.2,7.36,2.5,6.62,14.82
2.4,0.8,12,4,7.44,2.56,6.87,14.87
0,0.8,0.8,0,12.4,3.37,20.91,14.88
0.8,2.4,3.2,0,8.99,2.8,11.72,34.25
0,0,0.8,0.8,7.74,2.71,9.42,24.36
0.8,0,0,0,7.26,2.87,8.31,18.61
0,42.4,72.8,48,13.4,5.6,25,17.85
0,0,80,10.4,18.9,4.12,30.63,29.55
0,23.2,13.6,1.6,16.7,3.65,26.72,50.88
0,0.8,16,0,13.4,3.14,16.2,48.77
0,0,12,0,10.7,2.8,13.66,35.72
0,5.6,19.2,0,9.81,2.63,11.89,26.47
0,0.8,29.6,0,8.59,2.75,9.71,23.78
0,36.8,27.2,0,8.58,4,11.34,19.78
0,15.2,38.4,16,14.2,9.68,35.41,20.01
0,20.8,0.8,4,47.6,33.62,55.28,36.92
0,0,8,0,26.1,16.15,24.12,118
0,0,0,0,14.8,8.36,15.96,79.52
0,0,0,0,11.7,6.17,12.67,42.63
0,11.2,3.2,0,10.1,5.05,10.64,30.78
0,0,0,0,9.06,4.34,9.42,25.43
0,4,0,0,8.34,3.85,8.37,22.11
0.8,0,0,0.8,7.82,3.55,7.66,19.42
14.4,21.6,3.2,2.4,7.43,3.4,7.29,17.46
11.2,10.4,1.6,4.8,7.91,3.51,7.83,16.54
8.8,8,0.8,0.8,8.84,3.43,8.57,16.78
0,0,0,0.8,9.84,3.28,8.3,18.09
0,0,0,0,8.51,2.97,7.25,19.11
0,0,0,0,7.48,2.83,6.65,17.79
0,0.8,0,0,6.96,2.64,6.31,15.21
2.4,2.4,0.8,0,6.72,2.62,6.12,14.01
0,0,0,0,6.65,2.56,5.98,13.28
8.8,24,22.4,4.8,6.82,2.78,5.98,13.03
15.2,0,42.4,5.6,6.79,2.61,6.81,13.34
0,0,0.8,0,8.38,2.54,10.01,13.4
11.2,8.8,52,7.2,7.6,2.85,8.96,17.43
3.2,2.4,7.2,1.6,11.2,4.41,18.44,16.83
1.6,4,4.8,3.2,10.5,4.58,13.57,27.83
0,0,11.2,0,8.59,3.7,10.62,28.7
18.4,8,64.8,24.8,7.29,3.2,8.62,22.7
5.6,7.2,41.2,5.6,10.8,3.93,16.27,17.83
6.4,0,197.2,13.6,11.1,3.55,12.58,22.79
0,0,0,6.4,9.59,3.42,24.6,28.93
15.2,9.6,12.8,4.8,10.7,4.22,22.15,29.35
0.8,0.8,4,0,12.6,4.02,17.43,34.53
0.8,0,0.8,0.8,8.53,3.03,10.6,33.95
0,4.8,158.8,0,7.66,2.63,8.54,22.37
3.2,2.4,33.6,0,6.84,2.47,7.38,17.71
0,4,4,0,6.21,2.34,6.75,15.35
0,0,0,0,6.16,2.24,6.38,13.49
3.2,0,0.8,0,5.7,2.16,5.67,12.65
4,21.6,8.8,0,6.04,2.47,5.91,10.77
0.8,15.2,0.8,0,6.9,5.39,5.88,11.59
0.8,0,0,0,5.42,2.79,4.95,16.58
1.6,3.2,7.2,0,5.1,2.38,4.64,12.38
4,12.8,44,8,5.02,2.84,4.64,10.47
0,0,0,0,4.91,2.92,6.53,10.41
0,0,0,11.2,4.76,2.31,6.61,11.46
0,0,0,0,4.49,2.11,5.2,12.42
0,0,0,0,4.3,1.99,4.52,10.31
0,0,0,0,4.12,1.94,4.08,8.88
0,0,0,0,4.03,1.92,3.89,8.47
0,0,0,0,3.91,1.82,3.84,7.69
0,0,4,0,3.89,1.81,3.75,8.2
0,0,0,0,3.89,1.8,3.63,8.27
0,0,0,0,3.86,1.79,3.57,7.8
0,0,0,0,3.79,1.78,3.52,7.31
0,0,0,0,3.72,1.74,3.44,7.86
0,0,0,0,3.56,1.74,3.4,8.03
0,0,0,0,3.4,1.7,3.32,7.59
11.2,0,14.4,0.8,3.53,1.78,3.36,7.2
0,0,0,0,3.57,1.84,3.39,7.3
7.2,32.8,38.4,0,4.02,2.64,3.82,7.64
0.8,0,13.6,0,3.95,2.15,3.57,8.89
8,0.8,42.4,0.8,3.59,1.79,3.54,9.1
14.4,23.2,43.2,0.8,4.24,1.81,3.62,8.01
4,2.4,0,0,4.27,1.96,3.61,8.11
32,33.6,92,0,4.38,2.54,8.73,8.74
17.6,8.4,33.6,0,7.81,3.65,23.38,9.74
0,0,0,0,12.3,3.05,16.63,25.6
0,0,0.8,0,6.68,2.12,8.1,34.37
16,10.4,9.6,0,5.18,1.93,6.11,19.06
0,0,0,0,5.2,2,5.03,12.78
0,1.6,4,26,4.57,1.84,4.43,11.23
0,0,0,0,4.06,1.76,3.89,9.98
0.8,8,23.2,0,3.77,1.71,3.9,8.65
0.8,4.8,16.8,0,3.65,1.74,3.69,7.91
0,0,50.4,0,3.51,1.65,3.56,7.66
0,0,0,0,3.38,1.61,3.59,7.17
0,0,0,0,3.18,1.55,3.58,6.91
0,0,0,0,3.04,1.51,3.43,7.05
0,0,0,0,3,1.49,3.23,6.94
0,0,0,0,2.91,1.48,3.12,6.48
0,0,0,0,2.84,1.46,3,6.01
0,0,0,0,2.68,1.48,2.85,5.98
0,0,0,0,2.58,1.43,2.72,5.67
0,0,0,0,2.5,1.43,2.71,5.36
3.2,33.6,0,0,2.59,1.42,3.13,5.32
6.4,1.6,6.4,0,3.95,1.58,3.16,5.33
0,0,0,0,3.28,1.47,2.84,6.62
0,0,5.6,0,3,1.41,2.66,6.83
0,0,0,0,2.82,1.41,2.56,5.9
4,7.2,16.8,0,2.84,1.44,2.68,5.73
10.4,18.4,62.8,0,3.04,2.27,2.99,5.71
0.8,0,12,0,3.13,3,7.37,6.65
0,0,0.8,0,3.47,1.95,5.13,11.01
0,0,0,0,3.18,1.66,5,9.93
0,0,0,0,3.05,1.52,3.83,9.12
0,0,0,0,2.8,1.46,3.56,7.62
0,0,0,0,2.7,1.45,3.32,6.87
0,0,0,0,2.65,1.45,3.18,6.42
4.8,28,24,4,3.01,1.64,3.36,5.96
1.6,10,26.4,0,3.29,2.29,3.51,6.74
0.8,0,18.4,0,3.21,1.8,3.23,7.95
0,5.2,0,0,3.21,1.63,3.29,7.69
32.8,14.8,59.6,0,3.46,1.85,3.59,7.37
3.2,14.4,0.8,0,5.07,2.17,9.28,7.71
0.8,0,2.4,0,4.9,1.73,5.71,13.39
0,0,0,0,3.9,1.56,4.18,12.9
0,0,0,0,3.39,1.5,3.64,9.59
0,0,0,0,3.1,1.47,3.43,7.95
0,0,0,0,2.92,1.46,3.12,7.11
0,0,0,0,2.78,1.42,2.95,6.45
0,0,0,0,2.68,1.4,2.79,6.11
0,0,0,0,2.6,1.39,2.66,5.53
2.4,3.2,16,0,2.53,1.46,2.6,5.65
0.8,2.4,10.4,0,2.56,1.72,2.55,5.22
21.6,31.2,54.4,0,3.13,1.56,2.79,5.27
13.6,19.2,24.4,0,3.37,3.54,3.19,5.65
2.4,34.4,80.8,0,4.06,3.49,4.4,8.52
4,5.6,16,0,4.42,2.72,10.48,10.66
3.2,30.4,72.8,0,4.53,2.24,11.79,14.88
16.8,17.6,18.8,0,13.9,10.68,29.99,15.74
28,8.8,16.8,0,14.7,4.39,18.81,41.07
0,0,0,0,13,3.64,15.6,40.86
0,0,0,0,7.9,2.41,8.46,33.38
0,0,0,0,5.84,2.05,6.17,20.9
2.4,8.8,4.8,0,4.89,1.87,5.06,14.13
9.6,12.8,5.6,0,4.67,1.9,4.52,11.17
0,0,0.8,0.8,4.63,1.98,4.1,10.04
2.4,7.2,14,0,4.37,2.01,3.96,10
0,0,0,0,4.08,1.89,3.93,9.02
0,0,0,0,3.71,1.75,3.65,8.54
0,0,0,0,3.51,1.71,3.58,8.07
0,0,0,0,3.36,1.68,3.4,7.75
0,0,0,0,3.24,1.66,3.23,7.49
0,0,0,0,3.16,1.65,3.16,7.28
0.8,2.4,4.8,1.6,3.1,1.63,3.24,7.11
0,0,0,0,3.01,1.61,3.01,7.07
0,0,0,0,2.87,1.55,2.88,6.88
0,0,0,0,2.8,1.54,2.86,6.45
0,0,0,0,2.75,1.54,2.81,6.34
0,0,0,0,2.69,1.52,2.74,6.25
0,0,0,0,2.62,1.5,2.7,6.13
3.2,5.6,0,0,2.61,1.49,2.64,6.02
0.8,2.4,0.8,8,2.6,1.49,2.66,6.13
3.2,3.2,13.6,7.2,2.66,1.55,2.67,5.94
0.8,0,0,0,2.67,1.57,2.63,5.9
0,0,0,0,2.63,1.53,2.69,5.96
0,0,0,0,2.6,1.54,2.7,5.92
0.8,3.2,8.8,4,2.57,1.51,2.69,5.83
0.8,3.2,5.6,6.4,2.65,1.54,2.63,5.83
8.8,8,41.6,32.8,2.74,1.53,2.68,5.95
1.6,0,14.4,1.6,2.78,1.65,2.67,5.98
20,8,50.4,54.4,2.93,1.58,4.15,5.96
30.4,9.6,96,74.4,20.5,2.68,65.23,6.78
0,1.6,4.8,0.8,21.1,2.83,35.48,51.87
4,0.8,7.2,0.8,9.08,2.02,14.85,71.44
0,0,1.6,0.8,6.19,1.77,9.21,32
19.2,5.6,32,52,4.82,1.69,12.56,18.31
10.4,4.8,25.6,16.8,13.1,2.08,31.05,13.85
0.8,0,0,0,11.8,2.98,19.64,37.8
3.2,8,2.4,1.6,7.35,2.1,10.94,36.52
0,0,3.2,1.6,5.74,1.96,8.37,22.54
1.6,9.6,9.6,2.4,5.08,1.93,7.22,16.22
0,0,6.4,0,4.73,1.94,6.51,13.6
0,0,0,0,4.31,1.8,5.72,12.07
0,0,0,0,3.92,1.71,5.06,11.03
0,4,0.8,5.6,3.7,1.67,4.62,9.61
0,0,0,0,3.5,1.66,4.36,8.74
2.4,0.8,6.4,6.4,3.43,1.64,4.26,8.16
10.4,18.8,20,18.4,3.49,1.81,4.41,7.69
4.8,0.8,8.8,17.6,4.88,1.97,8.53,7.72
0,0,0.8,0,8.33,1.84,11.86,11.21
15.2,10.4,44,28,6.37,2.7,9.9,17.71
1.6,6.4,3.2,4,9.13,2.82,17.65,16.85
10.4,12.8,54.4,32.8,7.82,2.82,15.33,23.62
0,0,0,0,9.79,4.99,28.49,22.18
0,0,2.4,0.8,7.76,2.73,12.98,37.14
0,0,0,0,5.8,2.26,9.32,25.09
10.4,33.2,16,8,5.14,2.09,7.56,16.65
5.6,3.2,8,11.2,5.28,2.87,8.12,12.93
25.6,9.6,41.6,37.6,18.3,4.1,40.41,12.55
20.8,12.8,44.8,36,40.1,4.7,56.9,34.69
16.8,8,49.6,28.8,32.8,4.52,41.52,80.15
0,6.4,0.8,3.2,29.2,4.72,34.34,77.41
0,0,1.6,0,12.7,3.52,16.82,67.79
5.6,0.8,37.6,31.2,9.03,3.37,18.12,38.05
8.8,0,3.2,4,14.2,4.07,25.08,24.68
6.4,0,8,8,19.3,3.47,26.47,39.27
8,0.8,24,13.6,17.8,3.24,23.3,37.38
33.6,16,89.2,62.4,23.5,4.9,36.97,42.33
35.2,19.2,84,88.8,35.8,13.91,61.84,49.2
23.2,23.2,32.8,17.6,69.5,23.76,111.08,91.77
0,0,0.8,0,45.7,18.25,43.98,154.4
13.6,4,30.4,9.6,17.5,9.11,25.22,117.6
7.2,2.4,30.4,1.6,15.8,8.61,25.37,59.85
0,0,1.6,0,13.3,7.02,18.68,46.17
56.8,26.4,32,9.6,11,6.06,14.67,39.79
22.4,23.2,29.6,9.6,59.9,10.4,53.07,31.34
0,0,0,0,31,13.9,25.34,78.98
0.8,4,7.2,2.4,14.9,12.5,17.11,81.29
0,0,0,0.8,12.3,10.22,14.12,45.83
1.6,6.4,9.6,6.4,10.5,6.65,12.06,36.09
15.2,13.6,16,12,10.2,6.48,14.73,27.91
0,0,0,0,12.9,4.46,16.04,26.47
8,32,26.4,0,10,3.75,11.6,31.63
32.8,36,20.8,0,12.9,10.16,14.25,24.98
5.6,6.4,0.8,3.2,12,6.55,13.05,29.56
23.6,14,32.8,12.8,10.7,6.44,13.01,32.17
0.8,0,9.6,0.8,10.9,6.64,14.24,26.12
9.6,26.4,44,20,9.68,5.19,11.87,30.39
23.2,8,16.4,8,12,13.43,37.13,26
0,14.4,17.6,0,41.4,26.01,46.59,37.26
0,0,172.8,0,20.7,14.87,23.63,100.2
0.8,5.6,137.2,21.6,14.2,6.06,16.73,67.15
8,2.4,69.6,20.8,14,15.1,38.26,38.86
1.6,0,19.2,5.6,27.7,14.63,46.76,48.78
28.8,15.2,32.4,11.2,44.6,11.87,46.03,73.56
5.6,0.8,152.8,34.4,59,12.96,45.47,82.03
38.4,54.4,144.4,52,27.9,23.29,60.59,105.5
26.4,0.8,75.2,16,56,25.6,66.23,88.79
2.4,0,0.8,0,35,18.11,40.5,134.8
0.8,0,78,0,19.6,13.47,25.39,99.48
0.8,0,1.6,0,14.9,9.03,18.86,63.44
0,0,3.2,0,14.4,8.24,16.73,44.59
0,0,18.4,0,24.2,7.27,20.36,37.22
0,0,0,0,17.1,5.19,15.66,48.03
0,0,30.4,0,13.4,4.87,13.09,39.46
4.8,5.6,0,0,12.1,4.67,11.69,31.23
0,8.8,0,0,11.2,4.46,10.59,27.67
0,0,9.6,4,9.94,4.24,9.46,25.2
7.2,0.8,21.6,8,10.9,4.2,10.27,22.72
6.4,2.4,17.6,3.2,12.7,4.07,12.38,21.94
1.6,0,14.4,3.2,12.3,4,12.46,27.14
24,42.4,40,20,11.3,5.39,13.23,28.11
64.8,74.4,55.2,63.2,76.1,51.52,99.63,26.62
12,0.8,23.2,12.8,90.5,67.32,68.35,143.4
0,0,0,0,40.1,35.46,36.27,220
0,0,0,0,21.7,20.26,24.55,139.9
6.4,0,0,1.6,17.2,15.53,19.24,80.7
0,0,0,0,14.9,11.16,16.36,58.84
0,3.2,0.8,1.6,13,8.68,14.21,46.48
0,0.8,0,0,11.7,6.08,12.67,39.75
1.6,14.4,8.8,3.2,10.9,5.72,11.56,33.06
11.2,11.2,4.8,4.8,11.1,5.49,11.41,29.52
3.2,4.8,0,0.8,12.1,5.33,11.78,28.67
12.8,6.4,5.6,4,15.8,6.18,14.26,29.31
4.8,9.6,6.4,0.8,16.8,5.83,13.55,34.28
